opponent_bot,round,cumulative_ks,is_adapting_now
Ali 0.4.9,1,0.05357468506892364,0
Ali 0.4.9,2,0.049534551780640486,0
Ali 0.4.9,3,0.04709675701984696,0
Ali 0.4.9,4,0.05185916606055739,0
Ali 0.4.9,5,0.05181920850666329,0
Ali 0.4.9,6,0.05160960201442627,0
Ali 0.4.9,7,0.04694881547731637,0
Ali 0.4.9,8,0.04833392529482021,0
Ali 0.4.9,9,0.04832998099440644,0
Ali 0.4.9,10,0.04978300305403116,0
Ali 0.4.9,11,0.04859187526298514,0
Ali 0.4.9,12,0.047035996851808926,0
Ali 0.4.9,13,0.04771927144907795,0
Ali 0.4.9,14,0.05187761701801319,0
Ali 0.4.9,15,0.051593165433447385,0
Ali 0.4.9,16,0.049965355417584845,0
Ali 0.4.9,17,0.051275869032878396,0
Ali 0.4.9,18,0.05097030502589728,0
Ali 0.4.9,19,0.04967835902415341,0
Ali 0.4.9,20,0.04995629125235035,0
Ali 0.4.9,21,0.04779756008846092,0
Ali 0.4.9,22,0.047711055495851196,0
Ali 0.4.9,23,0.046808022963672036,0
Ali 0.4.9,24,0.04647618339917692,0
Ali 0.4.9,25,0.045977584361448165,0
Ali 0.4.9,26,0.046689489877236645,0
Ali 0.4.9,27,0.0467608299346115,0
Ali 0.4.9,28,0.04645940620651401,0
Ali 0.4.9,29,0.0467495701231635,0
Ali 0.4.9,30,0.04661882194188416,0
Ali 0.4.9,31,0.04828052156470164,0
Ali 0.4.9,32,0.048006233578097635,0
Ali 0.4.9,33,0.04932327475931775,0
Ali 0.4.9,34,0.04867139224172412,0
Ascendant 1.2.27,1,0.09993081995769566,0
Ascendant 1.2.27,2,0.08521961125616478,0
Ascendant 1.2.27,3,0.09120027864855451,0
Ascendant 1.2.27,4,0.10053446619127092,1
Ascendant 1.2.27,5,0.1006173676800127,1
Ascendant 1.2.27,6,0.10673961087383906,1
Ascendant 1.2.27,7,0.10449826388888889,1
Ascendant 1.2.27,8,0.1009942726231386,1
Ascendant 1.2.27,9,0.09756989173554664,0
Ascendant 1.2.27,10,0.0920541705140043,0
Ascendant 1.2.27,11,0.0902171823230202,0
Ascendant 1.2.27,12,0.08858270695914505,0
Ascendant 1.2.27,13,0.08328258367661182,0
Ascendant 1.2.27,14,0.08291793223219895,0
Ascendant 1.2.27,15,0.078684075844421,0
Ascendant 1.2.27,16,0.07555617701131567,0
Ascendant 1.2.27,17,0.07163772482424907,0
Ascendant 1.2.27,18,0.07167646618532722,0
Ascendant 1.2.27,19,0.07096506249384904,0
Ascendant 1.2.27,20,0.07138366981269662,0
Ascendant 1.2.27,21,0.06937598254357907,0
Ascendant 1.2.27,22,0.07001393171177345,0
Ascendant 1.2.27,23,0.0702826640387616,0
Ascendant 1.2.27,24,0.07135259893589627,0
Ascendant 1.2.27,25,0.07239857734829802,0
Ascendant 1.2.27,26,0.07418151085998528,0
Ascendant 1.2.27,27,0.0742923780464134,0
Ascendant 1.2.27,28,0.07471872075058922,0
Ascendant 1.2.27,29,0.07328855424086689,0
Ascendant 1.2.27,30,0.07277686530497648,0
Ascendant 1.2.27,31,0.07180047350804147,0
Ascendant 1.2.27,32,0.06996552632271996,0
Ascendant 1.2.27,33,0.07040031189980858,0
Ascendant 1.2.27,34,0.07101633166607785,0
BeepBoop 2.0,1,0.0618079124664404,0
BeepBoop 2.0,2,0.03885742020119451,0
BeepBoop 2.0,3,0.043243174533696874,0
BeepBoop 2.0,4,0.052660582400717144,0
BeepBoop 2.0,5,0.051123451920146626,0
BeepBoop 2.0,6,0.04941132114642655,0
BeepBoop 2.0,7,0.046364701768553326,0
BeepBoop 2.0,8,0.045643186179260414,0
BeepBoop 2.0,9,0.05062357170751297,0
BeepBoop 2.0,10,0.049838930126878234,0
BeepBoop 2.0,11,0.053476164509328794,0
BeepBoop 2.0,12,0.05616208799721634,0
BeepBoop 2.0,13,0.05719127255322998,0
BeepBoop 2.0,14,0.05842314756504319,0
BeepBoop 2.0,15,0.05983280270357261,0
BeepBoop 2.0,16,0.06145844650062504,0
BeepBoop 2.0,17,0.0603749763068977,0
BeepBoop 2.0,18,0.059618297158258726,0
BeepBoop 2.0,19,0.05637117081800458,0
BeepBoop 2.0,20,0.056006872260747964,0
BeepBoop 2.0,21,0.058410134246685175,0
BeepBoop 2.0,22,0.056830468610615026,0
BeepBoop 2.0,23,0.05653416098143982,0
BeepBoop 2.0,24,0.055680494681494164,0
BeepBoop 2.0,25,0.05657035031686486,0
BeepBoop 2.0,26,0.05774663360866816,0
BeepBoop 2.0,27,0.05760263041537661,0
BeepBoop 2.0,28,0.055794303549434154,0
BeepBoop 2.0,29,0.05661924679322905,0
BeepBoop 2.0,30,0.05834613439843761,0
BeepBoop 2.0,31,0.05816195266333424,0
BeepBoop 2.0,32,0.057463218587622156,0
BeepBoop 2.0,33,0.05734750530101829,0
BeepBoop 2.0,34,0.057119791182348,0
BlackBox 0.0.2,1,0.053106163453706216,0
BlackBox 0.0.2,2,0.040265458948029235,0
BlackBox 0.0.2,3,0.046330830356491944,0
BlackBox 0.0.2,4,0.04521363163150403,0
BlackBox 0.0.2,5,0.0411787735076304,0
BlackBox 0.0.2,6,0.041134580609023676,0
BlackBox 0.0.2,7,0.03880144508323624,0
BlackBox 0.0.2,8,0.03970443349753694,0
BlackBox 0.0.2,9,0.039184702038601804,0
BlackBox 0.0.2,10,0.03907305434773212,0
BlackBox 0.0.2,11,0.03891543984548218,0
BlackBox 0.0.2,12,0.0411525027634172,0
BlackBox 0.0.2,13,0.04109932883889622,0
BlackBox 0.0.2,14,0.04301903735632184,0
BlackBox 0.0.2,15,0.04233244577456008,0
BlackBox 0.0.2,16,0.043854204645672135,0
BlackBox 0.0.2,17,0.043099329813920395,0
BlackBox 0.0.2,18,0.04281196270676102,0
BlackBox 0.0.2,19,0.041881267836009095,0
BlackBox 0.0.2,20,0.04189008531260552,0
BlackBox 0.0.2,21,0.04231562943293121,0
BlackBox 0.0.2,22,0.041930601845917126,0
BlackBox 0.0.2,23,0.04238428061498034,0
BlackBox 0.0.2,24,0.0425180992606673,0
BlackBox 0.0.2,25,0.04186669508042418,0
BlackBox 0.0.2,26,0.04232358742492126,0
BlackBox 0.0.2,27,0.042537554134125743,0
BlackBox 0.0.2,28,0.04186946768715072,0
BlackBox 0.0.2,29,0.04118364823823484,0
BlackBox 0.0.2,30,0.039941145076644924,0
BlackBox 0.0.2,31,0.039712549162893906,0
BlackBox 0.0.2,32,0.03983115247878477,0
BlackBox 0.0.2,33,0.040631674478665225,0
BlackBox 0.0.2,34,0.04118793492555628,0
CHCl3 1.4.2,1,0.050965836526181356,0
CHCl3 1.4.2,2,0.04146057094403618,0
CHCl3 1.4.2,3,0.034286664076973644,0
CHCl3 1.4.2,4,0.03169366351855919,0
CHCl3 1.4.2,5,0.039033251231527094,0
CHCl3 1.4.2,6,0.041706629815441196,0
CHCl3 1.4.2,7,0.037706916211221644,0
CHCl3 1.4.2,8,0.0365590368158511,0
CHCl3 1.4.2,9,0.03687750262411072,0
CHCl3 1.4.2,10,0.03366056045448325,0
CHCl3 1.4.2,11,0.03219444046994491,0
CHCl3 1.4.2,12,0.03640785057959761,0
CHCl3 1.4.2,13,0.03591685966718139,0
CHCl3 1.4.2,14,0.03637823769843962,0
CHCl3 1.4.2,15,0.03660041919480839,0
CHCl3 1.4.2,16,0.035627633516233326,0
CHCl3 1.4.2,17,0.03607571214392813,0
CHCl3 1.4.2,18,0.037169166911140916,0
CHCl3 1.4.2,19,0.03619873809617857,0
CHCl3 1.4.2,20,0.034397556215649994,0
CHCl3 1.4.2,21,0.034799493224633715,0
CHCl3 1.4.2,22,0.03385110392663038,0
CHCl3 1.4.2,23,0.03466172801097156,0
CHCl3 1.4.2,24,0.03417400639477941,0
CHCl3 1.4.2,25,0.03361316599846398,0
CHCl3 1.4.2,26,0.03268828671990842,0
CHCl3 1.4.2,27,0.03298626936337459,0
CHCl3 1.4.2,28,0.031291041669898295,0
CHCl3 1.4.2,29,0.03171546347279186,0
CHCl3 1.4.2,30,0.03193898474416579,0
CHCl3 1.4.2,31,0.03173827447443281,0
CHCl3 1.4.2,32,0.031875311816939145,0
CHCl3 1.4.2,33,0.032406953050614806,0
CHCl3 1.4.2,34,0.03324198240385978,0
Cardigan 1.09,1,0.08004006705098328,0
Cardigan 1.09,2,0.07201678468397588,0
Cardigan 1.09,3,0.06339736162774152,0
Cardigan 1.09,4,0.06284611822812163,0
Cardigan 1.09,5,0.06642161635832522,0
Cardigan 1.09,6,0.07051772001883208,0
Cardigan 1.09,7,0.07155660952338738,0
Cardigan 1.09,8,0.06926699814958226,0
Cardigan 1.09,9,0.06722208560094944,0
Cardigan 1.09,10,0.06761776376995954,0
Cardigan 1.09,11,0.06743241200159433,0
Cardigan 1.09,12,0.06817218997710472,0
Cardigan 1.09,13,0.06948245880211013,0
Cardigan 1.09,14,0.06912857316064736,0
Cardigan 1.09,15,0.0683327438312209,0
Cardigan 1.09,16,0.07010466172666185,0
Cardigan 1.09,17,0.06977653743629164,0
Cardigan 1.09,18,0.06896798296709916,0
Cardigan 1.09,19,0.06896833110557565,0
Cardigan 1.09,20,0.06875343777065324,0
Cardigan 1.09,21,0.06838793261656817,0
Cardigan 1.09,22,0.0673962910682514,0
Cardigan 1.09,23,0.06586143506818276,0
Cardigan 1.09,24,0.06596729470935447,0
Cardigan 1.09,25,0.06626361656602597,0
Cardigan 1.09,26,0.06585674632676797,0
Cardigan 1.09,27,0.06562257209426903,0
Cardigan 1.09,28,0.06489773536193677,0
Cardigan 1.09,29,0.06433226339338283,0
Cardigan 1.09,30,0.06415213617969828,0
Cardigan 1.09,31,0.06392239373123232,0
Cardigan 1.09,32,0.06414604855140438,0
Cardigan 1.09,33,0.06374464975467165,0
Cardigan 1.09,34,0.06368104233941285,0
CassiusClay 2rho.02no,1,0.06207822085889571,0
CassiusClay 2rho.02no,2,0.06381625503693263,0
CassiusClay 2rho.02no,3,0.07249079031564182,0
CassiusClay 2rho.02no,4,0.05647623307049867,0
CassiusClay 2rho.02no,5,0.049055409484857336,0
CassiusClay 2rho.02no,6,0.05720215604219992,0
CassiusClay 2rho.02no,7,0.05570280734832701,0
CassiusClay 2rho.02no,8,0.057451077747474405,0
CassiusClay 2rho.02no,9,0.05616152851159075,0
CassiusClay 2rho.02no,10,0.055081167073025336,0
CassiusClay 2rho.02no,11,0.05561925630799343,0
CassiusClay 2rho.02no,12,0.05555037116865446,0
CassiusClay 2rho.02no,13,0.054669735785826665,0
CassiusClay 2rho.02no,14,0.05433361708789542,0
CassiusClay 2rho.02no,15,0.0548894114319054,0
CassiusClay 2rho.02no,16,0.055506614046830105,0
CassiusClay 2rho.02no,17,0.05475475821187936,0
CassiusClay 2rho.02no,18,0.055537617048756815,0
CassiusClay 2rho.02no,19,0.055292205880621226,0
CassiusClay 2rho.02no,20,0.05591001456757416,0
CassiusClay 2rho.02no,21,0.055271587483638585,0
CassiusClay 2rho.02no,22,0.05731473554731592,0
CassiusClay 2rho.02no,23,0.05807724492667832,0
CassiusClay 2rho.02no,24,0.05639773964577599,0
CassiusClay 2rho.02no,25,0.056343030272553496,0
CassiusClay 2rho.02no,26,0.05672842708024872,0
CassiusClay 2rho.02no,27,0.05665985760085834,0
CassiusClay 2rho.02no,28,0.0567697733901088,0
CassiusClay 2rho.02no,29,0.05752778172606654,0
CassiusClay 2rho.02no,30,0.057739016898367024,0
CassiusClay 2rho.02no,31,0.05869517791894041,0
CassiusClay 2rho.02no,32,0.05737013008225689,0
CassiusClay 2rho.02no,33,0.05648530285054365,0
CassiusClay 2rho.02no,34,0.05543480621897523,0
Chalk 2.6.Be,1,0.027163739130720867,0
Chalk 2.6.Be,2,0.01861101724514918,0
Chalk 2.6.Be,3,0.02510666775291443,0
Chalk 2.6.Be,4,0.02260893700385245,0
Chalk 2.6.Be,5,0.021402800095754272,0
Chalk 2.6.Be,6,0.0228802170813568,0
Chalk 2.6.Be,7,0.02361927712757222,0
Chalk 2.6.Be,8,0.025474360506833646,0
Chalk 2.6.Be,9,0.025249233568320095,0
Chalk 2.6.Be,10,0.02699102124242647,0
Chalk 2.6.Be,11,0.030401749595469263,0
Chalk 2.6.Be,12,0.03092705579321875,0
Chalk 2.6.Be,13,0.035296302191097695,0
Chalk 2.6.Be,14,0.037869272153855715,0
Chalk 2.6.Be,15,0.04074422245435927,0
Chalk 2.6.Be,16,0.041803856603044975,0
Chalk 2.6.Be,17,0.0433829662609605,0
Chalk 2.6.Be,18,0.04422515363688895,0
Chalk 2.6.Be,19,0.04462790504869707,0
Chalk 2.6.Be,20,0.04712219251590588,0
Chalk 2.6.Be,21,0.04594670339744977,0
Chalk 2.6.Be,22,0.04666537321399267,0
Chalk 2.6.Be,23,0.04667165111024352,0
Chalk 2.6.Be,24,0.04742979576930617,0
Chalk 2.6.Be,25,0.04689130024315302,0
Chalk 2.6.Be,26,0.046240910374223176,0
Chalk 2.6.Be,27,0.04592738486558989,0
Chalk 2.6.Be,28,0.04605785785870997,0
Chalk 2.6.Be,29,0.045921890348317396,0
Chalk 2.6.Be,30,0.047015525106007705,0
Chalk 2.6.Be,31,0.04679327493327401,0
Chalk 2.6.Be,32,0.04700433025479045,0
Chalk 2.6.Be,33,0.04810516113383556,0
Chalk 2.6.Be,34,0.047895267580443934,0
Combat 3.25.0,1,0.06389784270661465,0
Combat 3.25.0,2,0.04478513042802002,0
Combat 3.25.0,3,0.051763572890333454,0
Combat 3.25.0,4,0.05119911344219271,0
Combat 3.25.0,5,0.047731617464234384,0
Combat 3.25.0,6,0.04920510515356185,0
Combat 3.25.0,7,0.04960931087691651,0
Combat 3.25.0,8,0.047508042534543105,0
Combat 3.25.0,9,0.047790906631202,0
Combat 3.25.0,10,0.04626477792230965,0
Combat 3.25.0,11,0.040692935078748604,0
Combat 3.25.0,12,0.0368984899755771,0
Combat 3.25.0,13,0.03667459909399873,0
Combat 3.25.0,14,0.03273556116159182,0
Combat 3.25.0,15,0.03198995579156583,0
Combat 3.25.0,16,0.031054508284464877,0
Combat 3.25.0,17,0.03233097355683601,0
Combat 3.25.0,18,0.02937075136322853,0
Combat 3.25.0,19,0.028367164277578683,0
Combat 3.25.0,20,0.0267649169769123,0
Combat 3.25.0,21,0.02705298864558714,0
Combat 3.25.0,22,0.026935706918112756,0
Combat 3.25.0,23,0.02646555673851203,0
Combat 3.25.0,24,0.027524358993950226,0
Combat 3.25.0,25,0.0277500378425255,0
Combat 3.25.0,26,0.026825094964092133,0
Combat 3.25.0,27,0.02662249855185861,0
Combat 3.25.0,28,0.027150615420480695,0
Combat 3.25.0,29,0.026459695084938173,0
Combat 3.25.0,30,0.026380764531907963,0
Combat 3.25.0,31,0.02520650662250301,0
Combat 3.25.0,32,0.025603165107421444,0
Combat 3.25.0,33,0.026343699043320123,0
Combat 3.25.0,34,0.026433580615579988,0
CunobelinDC 1.2,1,0.13642131182552544,1
CunobelinDC 1.2,2,0.10423281068135698,1
CunobelinDC 1.2,3,0.0972327869902555,0
CunobelinDC 1.2,4,0.09342806452350691,0
CunobelinDC 1.2,5,0.09612551231533585,0
CunobelinDC 1.2,6,0.0915017902923964,0
CunobelinDC 1.2,7,0.08834640526514034,0
CunobelinDC 1.2,8,0.08867489914299857,0
CunobelinDC 1.2,9,0.09395326739515397,0
CunobelinDC 1.2,10,0.09482794985561824,0
CunobelinDC 1.2,11,0.09899620636022934,0
CunobelinDC 1.2,12,0.09476318327555197,0
CunobelinDC 1.2,13,0.09335083960755466,0
CunobelinDC 1.2,14,0.08981945076619632,0
CunobelinDC 1.2,15,0.09265118160488194,0
CunobelinDC 1.2,16,0.0967928054079372,0
CunobelinDC 1.2,17,0.09348961478082357,0
CunobelinDC 1.2,18,0.09353797463427338,0
CunobelinDC 1.2,19,0.09234236817268311,0
CunobelinDC 1.2,20,0.090957374378937,0
CunobelinDC 1.2,21,0.09233944140268746,0
CunobelinDC 1.2,22,0.09323180838793939,0
CunobelinDC 1.2,23,0.09636299007316357,0
CunobelinDC 1.2,24,0.09776488364668479,0
CunobelinDC 1.2,25,0.09810022525878098,0
CunobelinDC 1.2,26,0.09804482170224671,0
CunobelinDC 1.2,27,0.09895460565522213,0
CunobelinDC 1.2,28,0.09833358559889022,0
CunobelinDC 1.2,29,0.09917939165555895,0
CunobelinDC 1.2,30,0.09833814628499654,0
CunobelinDC 1.2,31,0.09546770470223137,0
CunobelinDC 1.2,32,0.09544919950060055,0
CunobelinDC 1.2,33,0.09491667186359351,0
CunobelinDC 1.2,34,0.09495805795376588,0
Cyanide 1.90,1,0.07534766467782077,0
Cyanide 1.90,2,0.043138572688705,0
Cyanide 1.90,3,0.060622405258964375,0
Cyanide 1.90,4,0.04429010742410705,0
Cyanide 1.90,5,0.03893745594221293,0
Cyanide 1.90,6,0.038709645306760375,0
Cyanide 1.90,7,0.03941240651713483,0
Cyanide 1.90,8,0.04043316559559748,0
Cyanide 1.90,9,0.039036930561698366,0
Cyanide 1.90,10,0.03695841307055951,0
Cyanide 1.90,11,0.03813809489524084,0
Cyanide 1.90,12,0.034288868546194486,0
Cyanide 1.90,13,0.03645102799638888,0
Cyanide 1.90,14,0.03593199042341855,0
Cyanide 1.90,15,0.036320698372267146,0
Cyanide 1.90,16,0.0364968994928091,0
Cyanide 1.90,17,0.035256518956596095,0
Cyanide 1.90,18,0.035003529481311135,0
Cyanide 1.90,19,0.038842709805296194,0
Cyanide 1.90,20,0.037596567415380144,0
Cyanide 1.90,21,0.03878224974200206,0
Cyanide 1.90,22,0.03902083468646933,0
Cyanide 1.90,23,0.0384921907138171,0
Cyanide 1.90,24,0.03778825187530804,0
Cyanide 1.90,25,0.037916410195261985,0
Cyanide 1.90,26,0.0373123721597054,0
Cyanide 1.90,27,0.03693992418719061,0
Cyanide 1.90,28,0.036975932853461235,0
Cyanide 1.90,29,0.03662049615167706,0
Cyanide 1.90,30,0.0355797241659116,0
Cyanide 1.90,31,0.035055238283193346,0
Cyanide 1.90,32,0.03507929433572565,0
Cyanide 1.90,33,0.03510501898031493,0
Cyanide 1.90,34,0.03536251753694741,0
Diamond 1.8.22,1,0.019196350507616824,0
Diamond 1.8.22,2,0.023415911709038086,0
Diamond 1.8.22,3,0.030694682875208774,0
Diamond 1.8.22,4,0.03702017943118735,0
Diamond 1.8.22,5,0.03969604607580371,0
Diamond 1.8.22,6,0.04068051925203106,0
Diamond 1.8.22,7,0.03867063149361999,0
Diamond 1.8.22,8,0.03708302651942602,0
Diamond 1.8.22,9,0.035100030482265177,0
Diamond 1.8.22,10,0.03402146343581411,0
Diamond 1.8.22,11,0.03596087143409532,0
Diamond 1.8.22,12,0.03550097306358069,0
Diamond 1.8.22,13,0.03352925708265228,0
Diamond 1.8.22,14,0.0334762736831804,0
Diamond 1.8.22,15,0.03424245456677333,0
Diamond 1.8.22,16,0.03370841499843494,0
Diamond 1.8.22,17,0.034550163426845554,0
Diamond 1.8.22,18,0.03255493497060791,0
Diamond 1.8.22,19,0.03167039294047738,0
Diamond 1.8.22,20,0.03194409607267418,0
Diamond 1.8.22,21,0.031095263439836762,0
Diamond 1.8.22,22,0.03183510889911892,0
Diamond 1.8.22,23,0.03286745003609648,0
Diamond 1.8.22,24,0.033784928772483486,0
Diamond 1.8.22,25,0.03322069959517307,0
Diamond 1.8.22,26,0.034149565997774495,0
Diamond 1.8.22,27,0.03383652864719358,0
Diamond 1.8.22,28,0.034381776705654815,0
Diamond 1.8.22,29,0.03406628836472128,0
Diamond 1.8.22,30,0.03332432412464967,0
Diamond 1.8.22,31,0.0330977794531864,0
Diamond 1.8.22,32,0.033437496512231796,0
Diamond 1.8.22,33,0.03326648386966116,0
Diamond 1.8.22,34,0.03341353179658019,0
Domogled 1.2,1,0.03400863646344141,0
Domogled 1.2,2,0.03921634189685385,0
Domogled 1.2,3,0.04473727839635261,0
Domogled 1.2,4,0.0392878880314528,0
Domogled 1.2,5,0.044448743909470755,0
Domogled 1.2,6,0.0416493056750821,0
Domogled 1.2,7,0.04002992084232851,0
Domogled 1.2,8,0.04154534883140604,0
Domogled 1.2,9,0.04368326664543121,0
Domogled 1.2,10,0.04367311520596184,0
Domogled 1.2,11,0.04420700580883641,0
Domogled 1.2,12,0.04495171370871254,0
Domogled 1.2,13,0.046377048287876255,0
Domogled 1.2,14,0.045367181345293495,0
Domogled 1.2,15,0.0454559515055476,0
Domogled 1.2,16,0.0457377976964376,0
Domogled 1.2,17,0.04577150094391469,0
Domogled 1.2,18,0.04518498676558047,0
Domogled 1.2,19,0.04572248187907735,0
Domogled 1.2,20,0.045496553447894716,0
Domogled 1.2,21,0.044379655113433114,0
Domogled 1.2,22,0.04470424909141524,0
Domogled 1.2,23,0.04601935822212799,0
Domogled 1.2,24,0.04654498044328548,0
Domogled 1.2,25,0.04593977294755203,0
Domogled 1.2,26,0.04591691134551945,0
Domogled 1.2,27,0.04620738778963873,0
Domogled 1.2,28,0.04578792458833825,0
Domogled 1.2,29,0.04549678927950418,0
Domogled 1.2,30,0.04572222942716797,0
Domogled 1.2,31,0.04630385019670602,0
Domogled 1.2,32,0.046339878350880825,0
Domogled 1.2,33,0.046539161391360384,0
Domogled 1.2,34,0.04678885211752648,0
Dookious 1.573c,1,0.06047813722004977,0
Dookious 1.573c,2,0.043693030521253125,0
Dookious 1.573c,3,0.04347168837393653,0
Dookious 1.573c,4,0.04285100207729098,0
Dookious 1.573c,5,0.03642619273016672,0
Dookious 1.573c,6,0.03194645747153553,0
Dookious 1.573c,7,0.040881382846783415,0
Dookious 1.573c,8,0.04205829338285652,0
Dookious 1.573c,9,0.0370942150813686,0
Dookious 1.573c,10,0.03421213202336984,0
Dookious 1.573c,11,0.03249743703884369,0
Dookious 1.573c,12,0.030498260024080737,0
Dookious 1.573c,13,0.0359291487496034,0
Dookious 1.573c,14,0.03538567210192378,0
Dookious 1.573c,15,0.03215746130774422,0
Dookious 1.573c,16,0.03346435245556523,0
Dookious 1.573c,17,0.0332629916370738,0
Dookious 1.573c,18,0.03457825935595793,0
Dookious 1.573c,19,0.03370320166957508,0
Dookious 1.573c,20,0.03621608468848048,0
Dookious 1.573c,21,0.038531740289871275,0
Dookious 1.573c,22,0.038779535915662744,0
Dookious 1.573c,23,0.040090697516149465,0
Dookious 1.573c,24,0.04100514617920614,0
Dookious 1.573c,25,0.04310283102547352,0
Dookious 1.573c,26,0.0421032774904645,0
Dookious 1.573c,27,0.04057075491463713,0
Dookious 1.573c,28,0.03977405982021731,0
Dookious 1.573c,29,0.03987107557480496,0
Dookious 1.573c,30,0.03878648946421137,0
Dookious 1.573c,31,0.038720732665899704,0
Dookious 1.573c,32,0.03894043133986147,0
Dookious 1.573c,33,0.03910406583859416,0
Dookious 1.573c,34,0.038637006534446905,0
DrussGT 3.1.7,1,0.07958206826235123,0
DrussGT 3.1.7,2,0.05926587023889638,0
DrussGT 3.1.7,3,0.06243106151892847,0
DrussGT 3.1.7,4,0.05924841490946145,0
DrussGT 3.1.7,5,0.0715143692983522,0
DrussGT 3.1.7,6,0.06628140289210915,0
DrussGT 3.1.7,7,0.06979476286338916,0
DrussGT 3.1.7,8,0.07000015692350384,0
DrussGT 3.1.7,9,0.07425583025948626,0
DrussGT 3.1.7,10,0.07779284806833656,0
DrussGT 3.1.7,11,0.07544430339930744,0
DrussGT 3.1.7,12,0.07387863866365832,0
DrussGT 3.1.7,13,0.07303716239877342,0
DrussGT 3.1.7,14,0.07294769533734755,0
DrussGT 3.1.7,15,0.07204032719711798,0
DrussGT 3.1.7,16,0.07340782419894573,0
DrussGT 3.1.7,17,0.0723529254648422,0
DrussGT 3.1.7,18,0.07090131955493242,0
DrussGT 3.1.7,19,0.07087643375372629,0
DrussGT 3.1.7,20,0.0700042529253421,0
DrussGT 3.1.7,21,0.07162033561956496,0
DrussGT 3.1.7,22,0.07043729357662923,0
DrussGT 3.1.7,23,0.07068178430742797,0
DrussGT 3.1.7,24,0.07122652966236578,0
DrussGT 3.1.7,25,0.07275999895677351,0
DrussGT 3.1.7,26,0.07232376503109397,0
DrussGT 3.1.7,27,0.07309731685495577,0
DrussGT 3.1.7,28,0.07488403943565522,0
DrussGT 3.1.7,29,0.07477100996053995,0
DrussGT 3.1.7,30,0.07414409975864414,0
DrussGT 3.1.7,31,0.07339744432018705,0
DrussGT 3.1.7,32,0.07231610749416953,0
DrussGT 3.1.7,33,0.07582333563720342,0
DrussGT 3.1.7,34,0.07757532104969292,0
Engineer 0.5.4,1,0.07452782031648801,0
Engineer 0.5.4,2,0.07516656646093817,0
Engineer 0.5.4,3,0.08152827918170878,0
Engineer 0.5.4,4,0.08964469378214118,0
Engineer 0.5.4,5,0.09160235207644249,0
Engineer 0.5.4,6,0.10454932961326824,1
Engineer 0.5.4,7,0.11193216373491613,1
Engineer 0.5.4,8,0.11019138194199836,1
Engineer 0.5.4,9,0.10936353150886023,1
Engineer 0.5.4,10,0.11235848609729525,1
Engineer 0.5.4,11,0.11392187231113406,1
Engineer 0.5.4,12,0.11282746912857082,1
Engineer 0.5.4,13,0.11308269792586766,1
Engineer 0.5.4,14,0.11432451324333721,1
Engineer 0.5.4,15,0.11092620010686613,1
Engineer 0.5.4,16,0.11085681459226746,1
Engineer 0.5.4,17,0.10876238244136169,1
Engineer 0.5.4,18,0.10695944218990883,1
Engineer 0.5.4,19,0.10560367195230319,1
Engineer 0.5.4,20,0.10645409682003856,1
Engineer 0.5.4,21,0.10657986708230618,1
Engineer 0.5.4,22,0.10558094543563395,1
Engineer 0.5.4,23,0.105209801581614,1
Engineer 0.5.4,24,0.10443015647837361,1
Engineer 0.5.4,25,0.10330856901580376,1
Engineer 0.5.4,26,0.10406433567316492,1
Engineer 0.5.4,27,0.10417843349796388,1
Engineer 0.5.4,28,0.10527200004357132,1
Engineer 0.5.4,29,0.10544279354510058,1
Engineer 0.5.4,30,0.10526481715827699,1
Engineer 0.5.4,31,0.10580918032969366,1
Engineer 0.5.4,32,0.10462830986965907,1
Engineer 0.5.4,33,0.1036462689536364,1
Engineer 0.5.4,34,0.10444372424446344,1
Firebird 0.25,1,0.11231609920134511,1
Firebird 0.25,2,0.08046812862174753,0
Firebird 0.25,3,0.07816599917138517,0
Firebird 0.25,4,0.08996298715436533,0
Firebird 0.25,5,0.09306065373186506,0
Firebird 0.25,6,0.09573942792649807,0
Firebird 0.25,7,0.09584247672142815,0
Firebird 0.25,8,0.08586061458124121,0
Firebird 0.25,9,0.08676001417936902,0
Firebird 0.25,10,0.08363347351053341,0
Firebird 0.25,11,0.08615276349266497,0
Firebird 0.25,12,0.08545538726106224,0
Firebird 0.25,13,0.08405302269532035,0
Firebird 0.25,14,0.08475809904381333,0
Firebird 0.25,15,0.08694783928428788,0
Firebird 0.25,16,0.08257954797525448,0
Firebird 0.25,17,0.07892334541549201,0
Firebird 0.25,18,0.08165198998532332,0
Firebird 0.25,19,0.0797916243826534,0
Firebird 0.25,20,0.07843557286595261,0
Firebird 0.25,21,0.07959356345866112,0
Firebird 0.25,22,0.08027923211169284,0
Firebird 0.25,23,0.07844274669210431,0
Firebird 0.25,24,0.07851858582020721,0
Firebird 0.25,25,0.07916436944171441,0
Firebird 0.25,26,0.07928131385291365,0
Firebird 0.25,27,0.08002124457820664,0
Firebird 0.25,28,0.08135724817825013,0
Firebird 0.25,29,0.08226199565732786,0
Firebird 0.25,30,0.08185455636691005,0
Firebird 0.25,31,0.0820504231993095,0
Firebird 0.25,32,0.08257918552036203,0
Firebird 0.25,33,0.08354417385738527,0
Firebird 0.25,34,0.0822983491073139,0
Firestarter 2.0f,1,0.03574343504218614,0
Firestarter 2.0f,2,0.018438073866976972,0
Firestarter 2.0f,3,0.01715964517768906,0
Firestarter 2.0f,4,0.020513913044217125,0
Firestarter 2.0f,5,0.019158504400780485,0
Firestarter 2.0f,6,0.01835340901491045,0
Firestarter 2.0f,7,0.019438131519519064,0
Firestarter 2.0f,8,0.021027914982054946,0
Firestarter 2.0f,9,0.022581332547164656,0
Firestarter 2.0f,10,0.024012169524775945,0
Firestarter 2.0f,11,0.02647237199190744,0
Firestarter 2.0f,12,0.02783285403007882,0
Firestarter 2.0f,13,0.026511284743513774,0
Firestarter 2.0f,14,0.026191181029041777,0
Firestarter 2.0f,15,0.0251619819040389,0
Firestarter 2.0f,16,0.026396800169555118,0
Firestarter 2.0f,17,0.025699017415374337,0
Firestarter 2.0f,18,0.026899741196716148,0
Firestarter 2.0f,19,0.026263346912983487,0
Firestarter 2.0f,20,0.02632204213089817,0
Firestarter 2.0f,21,0.02651292599303201,0
Firestarter 2.0f,22,0.02690716181722752,0
Firestarter 2.0f,23,0.02677278454786708,0
Firestarter 2.0f,24,0.027121067997151693,0
Firestarter 2.0f,25,0.02732267212283135,0
Firestarter 2.0f,26,0.027344214726807092,0
Firestarter 2.0f,27,0.027511427186737714,0
Firestarter 2.0f,28,0.027497608893199132,0
Firestarter 2.0f,29,0.028182797575838192,0
Firestarter 2.0f,30,0.02862432231916512,0
Firestarter 2.0f,31,0.028196876805944182,0
Firestarter 2.0f,32,0.028267535103256358,0
Firestarter 2.0f,33,0.028750907166529893,0
Firestarter 2.0f,34,0.028832405266454086,0
Foilist 1.3.1,1,0.029935270881239977,0
Foilist 1.3.1,2,0.028309140466324923,0
Foilist 1.3.1,3,0.028861688424717147,0
Foilist 1.3.1,4,0.02683286526235598,0
Foilist 1.3.1,5,0.0262207108279758,0
Foilist 1.3.1,6,0.025022501817652545,0
Foilist 1.3.1,7,0.031020484020552644,0
Foilist 1.3.1,8,0.03211994379766277,0
Foilist 1.3.1,9,0.03347802686029626,0
Foilist 1.3.1,10,0.03341259048797589,0
Foilist 1.3.1,11,0.03638395742712157,0
Foilist 1.3.1,12,0.03639004319108939,0
Foilist 1.3.1,13,0.03633908032588391,0
Foilist 1.3.1,14,0.036769515616584994,0
Foilist 1.3.1,15,0.038157401157578194,0
Foilist 1.3.1,16,0.037622733169482905,0
Foilist 1.3.1,17,0.03869219518708712,0
Foilist 1.3.1,18,0.03906817063815586,0
Foilist 1.3.1,19,0.03944605647385398,0
Foilist 1.3.1,20,0.03967913854610007,0
Foilist 1.3.1,21,0.0406354340851348,0
Foilist 1.3.1,22,0.039951319979525265,0
Foilist 1.3.1,23,0.039601236041453367,0
Foilist 1.3.1,24,0.03939303870733442,0
Foilist 1.3.1,25,0.04055915614351198,0
Foilist 1.3.1,26,0.040587272273232125,0
Foilist 1.3.1,27,0.03984834392911228,0
Foilist 1.3.1,28,0.03929196794599911,0
Foilist 1.3.1,29,0.03881764587569368,0
Foilist 1.3.1,30,0.03862795558842093,0
Foilist 1.3.1,31,0.03916950473007398,0
Foilist 1.3.1,32,0.039525193180593846,0
Foilist 1.3.1,33,0.03914473719491145,0
Foilist 1.3.1,34,0.03941187089388133,0
Garm 0.9u,1,0.08460275356827081,0
Garm 0.9u,2,0.06206534494472238,0
Garm 0.9u,3,0.06920161099265577,0
Garm 0.9u,4,0.07354780769578226,0
Garm 0.9u,5,0.06942838792549776,0
Garm 0.9u,6,0.06555555555555556,0
Garm 0.9u,7,0.0661339067767058,0
Garm 0.9u,8,0.07387070834207399,0
Garm 0.9u,9,0.07193895113347258,0
Garm 0.9u,10,0.07016534966144002,0
Garm 0.9u,11,0.07152044952741098,0
Garm 0.9u,12,0.07292280647329508,0
Garm 0.9u,13,0.07488876863876864,0
Garm 0.9u,14,0.0770457093037738,0
Garm 0.9u,15,0.07702639837654807,0
Garm 0.9u,16,0.07518868756867744,0
Garm 0.9u,17,0.07738689780449423,0
Garm 0.9u,18,0.07410878096243398,0
Garm 0.9u,19,0.07508308854963935,0
Garm 0.9u,20,0.07504593609377208,0
Garm 0.9u,21,0.07407163357347857,0
Garm 0.9u,22,0.07393704803912743,0
Garm 0.9u,23,0.07521202102065774,0
Garm 0.9u,24,0.07448242373216199,0
Garm 0.9u,25,0.07416848781929916,0
Garm 0.9u,26,0.07297146226234502,0
Garm 0.9u,27,0.0739612553851802,0
Garm 0.9u,28,0.07359164190199013,0
Garm 0.9u,29,0.07394422722994834,0
Garm 0.9u,30,0.0734218563487993,0
Garm 0.9u,31,0.07366556856951012,0
Garm 0.9u,32,0.07507242935664402,0
Garm 0.9u,33,0.07539328276479149,0
Garm 0.9u,34,0.07464470913687563,0
Gilgalad 1.99.5c,1,0.03277772103408246,0
Gilgalad 1.99.5c,2,0.04512078693578605,0
Gilgalad 1.99.5c,3,0.04965018521970955,0
Gilgalad 1.99.5c,4,0.0509599055617678,0
Gilgalad 1.99.5c,5,0.047982353704424524,0
Gilgalad 1.99.5c,6,0.044113992575506605,0
Gilgalad 1.99.5c,7,0.043884863024895526,0
Gilgalad 1.99.5c,8,0.04471718903608832,0
Gilgalad 1.99.5c,9,0.0463801925321253,0
Gilgalad 1.99.5c,10,0.047093899215582824,0
Gilgalad 1.99.5c,11,0.047000405508162674,0
Gilgalad 1.99.5c,12,0.04746922732621392,0
Gilgalad 1.99.5c,13,0.04488999824675938,0
Gilgalad 1.99.5c,14,0.04552248532771616,0
Gilgalad 1.99.5c,15,0.04447536512811173,0
Gilgalad 1.99.5c,16,0.04359707771655247,0
Gilgalad 1.99.5c,17,0.04660595044580729,0
Gilgalad 1.99.5c,18,0.04821419030827587,0
Gilgalad 1.99.5c,19,0.048288947684157035,0
Gilgalad 1.99.5c,20,0.0490017997066062,0
Gilgalad 1.99.5c,21,0.05085788313722786,0
Gilgalad 1.99.5c,22,0.05113916072106944,0
Gilgalad 1.99.5c,23,0.051539827379298325,0
Gilgalad 1.99.5c,24,0.05239262439567802,0
Gilgalad 1.99.5c,25,0.052499762949836326,0
Gilgalad 1.99.5c,26,0.053292353754357036,0
Gilgalad 1.99.5c,27,0.05369459544524227,0
Gilgalad 1.99.5c,28,0.053418245542244114,0
Gilgalad 1.99.5c,29,0.05338169408007579,0
Gilgalad 1.99.5c,30,0.05436928331101196,0
Gilgalad 1.99.5c,31,0.054908077665264454,0
Gilgalad 1.99.5c,32,0.05561156673665693,0
Gilgalad 1.99.5c,33,0.05570398268860366,0
Gilgalad 1.99.5c,34,0.0561711621774989,0
GresSuffurd 0.4.13,1,0.08562588209749213,0
GresSuffurd 0.4.13,2,0.08710978374607604,0
GresSuffurd 0.4.13,3,0.09320656835633265,0
GresSuffurd 0.4.13,4,0.0890774822146613,0
GresSuffurd 0.4.13,5,0.08624729353541602,0
GresSuffurd 0.4.13,6,0.08737872359246704,0
GresSuffurd 0.4.13,7,0.07962173969462347,0
GresSuffurd 0.4.13,8,0.07615477755810543,0
GresSuffurd 0.4.13,9,0.07674164573022661,0
GresSuffurd 0.4.13,10,0.07688749884039917,0
GresSuffurd 0.4.13,11,0.07911472991159738,0
GresSuffurd 0.4.13,12,0.08149661968096855,0
GresSuffurd 0.4.13,13,0.07983385574468327,0
GresSuffurd 0.4.13,14,0.08015910881614419,0
GresSuffurd 0.4.13,15,0.08175451459295147,0
GresSuffurd 0.4.13,16,0.08121887377549342,0
GresSuffurd 0.4.13,17,0.08255625021488588,0
GresSuffurd 0.4.13,18,0.08296778348616896,0
GresSuffurd 0.4.13,19,0.08267959418734905,0
GresSuffurd 0.4.13,20,0.08060721147485073,0
GresSuffurd 0.4.13,21,0.07953736417097201,0
GresSuffurd 0.4.13,22,0.07878346338763964,0
GresSuffurd 0.4.13,23,0.07955549564809272,0
GresSuffurd 0.4.13,24,0.07919299882431174,0
GresSuffurd 0.4.13,25,0.07884531031583286,0
GresSuffurd 0.4.13,26,0.07897297868233294,0
GresSuffurd 0.4.13,27,0.07860236167901019,0
GresSuffurd 0.4.13,28,0.07990163390064858,0
GresSuffurd 0.4.13,29,0.07737427764361587,0
GresSuffurd 0.4.13,30,0.07923810454906449,0
GresSuffurd 0.4.13,31,0.079278089071591,0
GresSuffurd 0.4.13,32,0.0805035341475469,0
GresSuffurd 0.4.13,33,0.08079684450817087,0
GresSuffurd 0.4.13,34,0.08043855592192456,0
Holden 1.13a,1,0.05675889328063241,0
Holden 1.13a,2,0.05335125448028674,0
Holden 1.13a,3,0.05304052327661097,0
Holden 1.13a,4,0.053809568010098945,0
Holden 1.13a,5,0.05255515568768581,0
Holden 1.13a,6,0.05234769405959385,0
Holden 1.13a,7,0.05646690518783542,0
Holden 1.13a,8,0.061398359521691925,0
Holden 1.13a,9,0.06730532164250369,0
Holden 1.13a,10,0.07062500000000005,0
Holden 1.13a,11,0.07283865462561334,0
Holden 1.13a,12,0.07070147988786757,0
Holden 1.13a,13,0.07226427441784367,0
Holden 1.13a,14,0.07456824512534821,0
Holden 1.13a,15,0.07499193002551152,0
Holden 1.13a,16,0.07802056372352817,0
Holden 1.13a,17,0.07866635902168895,0
Holden 1.13a,18,0.07965378562685788,0
Holden 1.13a,19,0.07884621751365672,0
Holden 1.13a,20,0.07819643837765755,0
Holden 1.13a,21,0.0803662182361734,0
Holden 1.13a,22,0.07974591716399249,0
Holden 1.13a,23,0.0807735014907982,0
Holden 1.13a,24,0.08033561891014074,0
Holden 1.13a,25,0.08063104502063578,0
Holden 1.13a,26,0.08175226586102724,0
Holden 1.13a,27,0.08037424757916778,0
Holden 1.13a,28,0.08000561167227838,0
Holden 1.13a,29,0.08070472695877406,0
Holden 1.13a,30,0.08080615705713545,0
Holden 1.13a,31,0.0796751816501684,0
Holden 1.13a,32,0.07947521650094991,0
Holden 1.13a,33,0.07943617327826336,0
Holden 1.13a,34,0.07971791518774518,0
Horizon 1.2.2,1,0.06217199523487556,0
Horizon 1.2.2,2,0.06629519104861778,0
Horizon 1.2.2,3,0.05648700704114174,0
Horizon 1.2.2,4,0.06049643623494124,0
Horizon 1.2.2,5,0.05785320070761962,0
Horizon 1.2.2,6,0.06561863315567291,0
Horizon 1.2.2,7,0.06776626212799552,0
Horizon 1.2.2,8,0.07496224440559221,0
Horizon 1.2.2,9,0.0785040544571909,0
Horizon 1.2.2,10,0.07988909415989123,0
Horizon 1.2.2,11,0.0774870084106334,0
Horizon 1.2.2,12,0.07367355145665877,0
Horizon 1.2.2,13,0.07039029196640838,0
Horizon 1.2.2,14,0.07282386143544906,0
Horizon 1.2.2,15,0.07372274793000555,0
Horizon 1.2.2,16,0.07402966061946609,0
Horizon 1.2.2,17,0.07028166608229719,0
Horizon 1.2.2,18,0.07281578005252837,0
Horizon 1.2.2,19,0.07200375546166904,0
Horizon 1.2.2,20,0.07130504660880749,0
Horizon 1.2.2,21,0.07055931315615677,0
Horizon 1.2.2,22,0.0721052585466716,0
Horizon 1.2.2,23,0.07429886647415573,0
Horizon 1.2.2,24,0.07438669766612488,0
Horizon 1.2.2,25,0.07371019329717704,0
Horizon 1.2.2,26,0.07358100744462559,0
Horizon 1.2.2,27,0.07375546871529437,0
Horizon 1.2.2,28,0.07559830015656455,0
Horizon 1.2.2,29,0.07613415110500593,0
Horizon 1.2.2,30,0.07580752837011734,0
Horizon 1.2.2,31,0.07584205919283638,0
Horizon 1.2.2,32,0.076336227125542,0
Horizon 1.2.2,33,0.07647102807026807,0
Horizon 1.2.2,34,0.0753977229564668,0
Hydra 0.21,1,0.06828206527168358,0
Hydra 0.21,2,0.08030726256983241,0
Hydra 0.21,3,0.059289798771253614,0
Hydra 0.21,4,0.06215452136095834,0
Hydra 0.21,5,0.06343279967562615,0
Hydra 0.21,6,0.0629978346270766,0
Hydra 0.21,7,0.0674621655421885,0
Hydra 0.21,8,0.07132971748405519,0
Hydra 0.21,9,0.07239079770444988,0
Hydra 0.21,10,0.06891679837276064,0
Hydra 0.21,11,0.06980141884748188,0
Hydra 0.21,12,0.0702107215221897,0
Hydra 0.21,13,0.07058505763862699,0
Hydra 0.21,14,0.06994499671745713,0
Hydra 0.21,15,0.0695864144815661,0
Hydra 0.21,16,0.06887036571837624,0
Hydra 0.21,17,0.0702019078112649,0
Hydra 0.21,18,0.06743244178573193,0
Hydra 0.21,19,0.06486702970249003,0
Hydra 0.21,20,0.06444653753023233,0
Hydra 0.21,21,0.06275934757182644,0
Hydra 0.21,22,0.06199215513377465,0
Hydra 0.21,23,0.06268271499064337,0
Hydra 0.21,24,0.06306950094472696,0
Hydra 0.21,25,0.06286710112623883,0
Hydra 0.21,26,0.06409119857205059,0
Hydra 0.21,27,0.06373495754216074,0
Hydra 0.21,28,0.0628822354171289,0
Hydra 0.21,29,0.06288649266247992,0
Hydra 0.21,30,0.06171104701000263,0
Hydra 0.21,31,0.061930900084158025,0
Hydra 0.21,32,0.06221691701520227,0
Hydra 0.21,33,0.06327495570616803,0
Hydra 0.21,34,0.06389531571085993,0
Knight 0.6.28,1,0.03162577852315322,0
Knight 0.6.28,2,0.022700511206643428,0
Knight 0.6.28,3,0.023805798549030643,0
Knight 0.6.28,4,0.0186839202554508,0
Knight 0.6.28,5,0.021735779634049324,0
Knight 0.6.28,6,0.023482044222993714,0
Knight 0.6.28,7,0.023947494033412897,0
Knight 0.6.28,8,0.022378181788368923,0
Knight 0.6.28,9,0.021642988965067222,0
Knight 0.6.28,10,0.02416558593454965,0
Knight 0.6.28,11,0.025248633136778498,0
Knight 0.6.28,12,0.02693913939937964,0
Knight 0.6.28,13,0.024543663020888618,0
Knight 0.6.28,14,0.02503505198998679,0
Knight 0.6.28,15,0.026832269634821215,0
Knight 0.6.28,16,0.027998752412347283,0
Knight 0.6.28,17,0.02621281869826475,0
Knight 0.6.28,18,0.024789916404476475,0
Knight 0.6.28,19,0.02509315327019035,0
Knight 0.6.28,20,0.02404433454520094,0
Knight 0.6.28,21,0.025043119630729027,0
Knight 0.6.28,22,0.024705925424587494,0
Knight 0.6.28,23,0.02406612442436884,0
Knight 0.6.28,24,0.025341388719290925,0
Knight 0.6.28,25,0.0259397151888755,0
Knight 0.6.28,26,0.025083145405088048,0
Knight 0.6.28,27,0.02497968743090262,0
Knight 0.6.28,28,0.026164942014124115,0
Knight 0.6.28,29,0.02595620269899801,0
Knight 0.6.28,30,0.02658595890231863,0
Knight 0.6.28,31,0.025823652897301153,0
Knight 0.6.28,32,0.024784596200969955,0
Knight 0.6.28,33,0.02432757788666995,0
Knight 0.6.28,34,0.024661547624634683,0
Midboss 1q.fast,1,0.06184670200747371,0
Midboss 1q.fast,2,0.05275778037090058,0
Midboss 1q.fast,3,0.050419144637623425,0
Midboss 1q.fast,4,0.041309327401212514,0
Midboss 1q.fast,5,0.03822131482841055,0
Midboss 1q.fast,6,0.037685346728485336,0
Midboss 1q.fast,7,0.04026102543393121,0
Midboss 1q.fast,8,0.038244536479969,0
Midboss 1q.fast,9,0.0385373569438385,0
Midboss 1q.fast,10,0.03795273997455075,0
Midboss 1q.fast,11,0.03547624015119899,0
Midboss 1q.fast,12,0.03588948270302306,0
Midboss 1q.fast,13,0.03894326376532431,0
Midboss 1q.fast,14,0.03693581040847915,0
Midboss 1q.fast,15,0.03516420022565403,0
Midboss 1q.fast,16,0.03464153323445862,0
Midboss 1q.fast,17,0.03583026912854137,0
Midboss 1q.fast,18,0.03662644924591851,0
Midboss 1q.fast,19,0.03636168004711482,0
Midboss 1q.fast,20,0.035393579189244684,0
Midboss 1q.fast,21,0.03485887159120893,0
Midboss 1q.fast,22,0.03394163615270307,0
Midboss 1q.fast,23,0.03405456990347633,0
Midboss 1q.fast,24,0.03364333203585457,0
Midboss 1q.fast,25,0.032981154818309544,0
Midboss 1q.fast,26,0.032374745006853445,0
Midboss 1q.fast,27,0.03300240129604193,0
Midboss 1q.fast,28,0.032025934957429114,0
Midboss 1q.fast,29,0.0339436813152334,0
Midboss 1q.fast,30,0.03415816877223188,0
Midboss 1q.fast,31,0.03412079540815971,0
Midboss 1q.fast,32,0.03443233785670141,0
Midboss 1q.fast,33,0.03400178528704767,0
Midboss 1q.fast,34,0.034475187099082594,0
Nene 1.0.5,1,0.05716177861873226,0
Nene 1.0.5,2,0.06656694915877134,0
Nene 1.0.5,3,0.06819905696783667,0
Nene 1.0.5,4,0.061317596912034505,0
Nene 1.0.5,5,0.05698915824890472,0
Nene 1.0.5,6,0.05298859437852955,0
Nene 1.0.5,7,0.05238205775926811,0
Nene 1.0.5,8,0.05494253699467883,0
Nene 1.0.5,9,0.05401746218834177,0
Nene 1.0.5,10,0.050277244313013836,0
Nene 1.0.5,11,0.04999012431741601,0
Nene 1.0.5,12,0.05146230597783974,0
Nene 1.0.5,13,0.05081806104962694,0
Nene 1.0.5,14,0.051909641800645834,0
Nene 1.0.5,15,0.05199597526306088,0
Nene 1.0.5,16,0.05199860488951358,0
Nene 1.0.5,17,0.05194842917045772,0
Nene 1.0.5,18,0.05112378566571718,0
Nene 1.0.5,19,0.051195805091618696,0
Nene 1.0.5,20,0.04954308481135827,0
Nene 1.0.5,21,0.04861129444011525,0
Nene 1.0.5,22,0.048063917658103805,0
Nene 1.0.5,23,0.04813337524342176,0
Nene 1.0.5,24,0.04760177826630718,0
Nene 1.0.5,25,0.048387612293668725,0
Nene 1.0.5,26,0.04828328324625175,0
Nene 1.0.5,27,0.04827508778564493,0
Nene 1.0.5,28,0.04755604425517279,0
Nene 1.0.5,29,0.04714775766031554,0
Nene 1.0.5,30,0.0466884896558023,0
Nene 1.0.5,31,0.04765314452818903,0
Nene 1.0.5,32,0.04868816338970683,0
Nene 1.0.5,33,0.04985790683347646,0
Nene 1.0.5,34,0.049304109601998714,0
Neuromancer 7.12,1,0.040304475598593244,0
Neuromancer 7.12,2,0.03648876635042421,0
Neuromancer 7.12,3,0.030556560047923575,0
Neuromancer 7.12,4,0.02973797326738503,0
Neuromancer 7.12,5,0.029059370661071587,0
Neuromancer 7.12,6,0.0309557578181002,0
Neuromancer 7.12,7,0.028185984786763485,0
Neuromancer 7.12,8,0.03144321409329787,0
Neuromancer 7.12,9,0.02836786736898833,0
Neuromancer 7.12,10,0.027864703036472815,0
Neuromancer 7.12,11,0.027811914699572088,0
Neuromancer 7.12,12,0.026790818205747358,0
Neuromancer 7.12,13,0.026305677712129993,0
Neuromancer 7.12,14,0.028242479767903506,0
Neuromancer 7.12,15,0.02843217225984418,0
Neuromancer 7.12,16,0.028194174909288328,0
Neuromancer 7.12,17,0.027497058136400798,0
Neuromancer 7.12,18,0.027307126015539307,0
Neuromancer 7.12,19,0.028167348020289196,0
Neuromancer 7.12,20,0.02776364981890067,0
Neuromancer 7.12,21,0.027761982383446848,0
Neuromancer 7.12,22,0.028449405287640617,0
Neuromancer 7.12,23,0.028151162938330976,0
Neuromancer 7.12,24,0.027141385085767022,0
Neuromancer 7.12,25,0.027270984620866523,0
Neuromancer 7.12,26,0.02747277912810131,0
Neuromancer 7.12,27,0.027275595940867925,0
Neuromancer 7.12,28,0.027515987128749253,0
Neuromancer 7.12,29,0.027135587280063378,0
Neuromancer 7.12,30,0.027075390130874344,0
Neuromancer 7.12,31,0.027022312978395746,0
Neuromancer 7.12,32,0.02738180756412989,0
Neuromancer 7.12,33,0.02752495249963227,0
Neuromancer 7.12,34,0.02742102622092879,0
Phoenix 1.02,1,0.05604013928725723,0
Phoenix 1.02,2,0.05964787475742696,0
Phoenix 1.02,3,0.05253710818552193,0
Phoenix 1.02,4,0.06138586649305488,0
Phoenix 1.02,5,0.055135828729504864,0
Phoenix 1.02,6,0.05196826126474368,0
Phoenix 1.02,7,0.05712342686483607,0
Phoenix 1.02,8,0.058216110183473724,0
Phoenix 1.02,9,0.05980217272235844,0
Phoenix 1.02,10,0.05878866501413016,0
Phoenix 1.02,11,0.05815711454622169,0
Phoenix 1.02,12,0.0568155684324102,0
Phoenix 1.02,13,0.05857152600136806,0
Phoenix 1.02,14,0.061938040719059284,0
Phoenix 1.02,15,0.06174891551775974,0
Phoenix 1.02,16,0.06014111891834539,0
Phoenix 1.02,17,0.05573155633238658,0
Phoenix 1.02,18,0.05688318100904588,0
Phoenix 1.02,19,0.057681429506824866,0
Phoenix 1.02,20,0.05893687923933144,0
Phoenix 1.02,21,0.06021329001870912,0
Phoenix 1.02,22,0.06007054152388669,0
Phoenix 1.02,23,0.0619196387617601,0
Phoenix 1.02,24,0.061332189114587043,0
Phoenix 1.02,25,0.06072314926278333,0
Phoenix 1.02,26,0.059021956502877004,0
Phoenix 1.02,27,0.058997362121590124,0
Phoenix 1.02,28,0.057827978885010234,0
Phoenix 1.02,29,0.05754782175339512,0
Phoenix 1.02,30,0.057750178857684964,0
Phoenix 1.02,31,0.056112662075811226,0
Phoenix 1.02,32,0.0557011640989048,0
Phoenix 1.02,33,0.05529659435792833,0
Phoenix 1.02,34,0.05645692753498688,0
PowerHouse 1.7e3,1,0.07932370376910321,0
PowerHouse 1.7e3,2,0.045374157932231464,0
PowerHouse 1.7e3,3,0.051410331880583256,0
PowerHouse 1.7e3,4,0.05050943227249674,0
PowerHouse 1.7e3,5,0.05133093543290985,0
PowerHouse 1.7e3,6,0.04713718471227924,0
PowerHouse 1.7e3,7,0.04639605260332255,0
PowerHouse 1.7e3,8,0.044573973453423066,0
PowerHouse 1.7e3,9,0.04482973330972046,0
PowerHouse 1.7e3,10,0.04870130104536161,0
PowerHouse 1.7e3,11,0.04451168212255737,0
PowerHouse 1.7e3,12,0.04527335329446636,0
PowerHouse 1.7e3,13,0.042755256272227225,0
PowerHouse 1.7e3,14,0.040393022947420254,0
PowerHouse 1.7e3,15,0.03922444974819053,0
PowerHouse 1.7e3,16,0.03713993557673913,0
PowerHouse 1.7e3,17,0.0379456192784134,0
PowerHouse 1.7e3,18,0.036992408535718724,0
PowerHouse 1.7e3,19,0.03725563686256453,0
PowerHouse 1.7e3,20,0.041058343460126046,0
PowerHouse 1.7e3,21,0.044210334081021374,0
PowerHouse 1.7e3,22,0.0436757953886433,0
PowerHouse 1.7e3,23,0.04328853294474633,0
PowerHouse 1.7e3,24,0.042944301394783335,0
PowerHouse 1.7e3,25,0.044570386057424694,0
PowerHouse 1.7e3,26,0.04594481827836139,0
PowerHouse 1.7e3,27,0.04629203233122858,0
PowerHouse 1.7e3,28,0.04623815921719576,0
PowerHouse 1.7e3,29,0.04649579789913805,0
PowerHouse 1.7e3,30,0.04787895183754842,0
PowerHouse 1.7e3,31,0.04852627062247106,0
PowerHouse 1.7e3,32,0.048163868138704546,0
PowerHouse 1.7e3,33,0.04792385970635171,0
PowerHouse 1.7e3,34,0.04663455284868523,0
Pris 0.92,1,0.0364549178065556,0
Pris 0.92,2,0.03265629355741986,0
Pris 0.92,3,0.02698633095745009,0
Pris 0.92,4,0.029401053107430967,0
Pris 0.92,5,0.03181934747690008,0
Pris 0.92,6,0.03538071928610212,0
Pris 0.92,7,0.03502465331003923,0
Pris 0.92,8,0.039584495672896625,0
Pris 0.92,9,0.03704079328527582,0
Pris 0.92,10,0.03785465640426855,0
Pris 0.92,11,0.03737649703547857,0
Pris 0.92,12,0.03558659102630218,0
Pris 0.92,13,0.03748327358355724,0
Pris 0.92,14,0.03648800238266792,0
Pris 0.92,15,0.03505087869699908,0
Pris 0.92,16,0.03416068827727009,0
Pris 0.92,17,0.03188633740001623,0
Pris 0.92,18,0.03208233033698776,0
Pris 0.92,19,0.03249663865383956,0
Pris 0.92,20,0.03314057713681007,0
Pris 0.92,21,0.032544955491934424,0
Pris 0.92,22,0.031867376115145396,0
Pris 0.92,23,0.032746333025426344,0
Pris 0.92,24,0.033518360336241615,0
Pris 0.92,25,0.03344333640552083,0
Pris 0.92,26,0.03297349235768715,0
Pris 0.92,27,0.0330168915167956,0
Pris 0.92,28,0.03295232245441343,0
Pris 0.92,29,0.03309724781526463,0
Pris 0.92,30,0.03254221550253694,0
Pris 0.92,31,0.032143613075515554,0
Pris 0.92,32,0.032046570183007383,0
Pris 0.92,33,0.031197145195146103,0
Pris 0.92,34,0.03161406679719925,0
PulsarMax 0.8.9,1,0.050413728543776556,0
PulsarMax 0.8.9,2,0.04738002977363282,0
PulsarMax 0.8.9,3,0.04320805313526445,0
PulsarMax 0.8.9,4,0.04021686609336946,0
PulsarMax 0.8.9,5,0.03885924118146958,0
PulsarMax 0.8.9,6,0.035880108572879606,0
PulsarMax 0.8.9,7,0.03192272023241351,0
PulsarMax 0.8.9,8,0.031212393060935244,0
PulsarMax 0.8.9,9,0.032173561351315196,0
PulsarMax 0.8.9,10,0.03130466876690441,0
PulsarMax 0.8.9,11,0.030557131595863388,0
PulsarMax 0.8.9,12,0.029615357185733264,0
PulsarMax 0.8.9,13,0.029845424957734623,0
PulsarMax 0.8.9,14,0.02986435905274172,0
PulsarMax 0.8.9,15,0.03061647596450829,0
PulsarMax 0.8.9,16,0.03060150499525438,0
PulsarMax 0.8.9,17,0.030296331526896696,0
PulsarMax 0.8.9,18,0.030646391349289474,0
PulsarMax 0.8.9,19,0.02990620079501527,0
PulsarMax 0.8.9,20,0.03125700542019891,0
PulsarMax 0.8.9,21,0.03200613386714153,0
PulsarMax 0.8.9,22,0.030545551749214812,0
PulsarMax 0.8.9,23,0.03020429899035431,0
PulsarMax 0.8.9,24,0.030719404666975245,0
PulsarMax 0.8.9,25,0.031033096131914538,0
PulsarMax 0.8.9,26,0.031243284953071257,0
PulsarMax 0.8.9,27,0.031599716085312875,0
PulsarMax 0.8.9,28,0.032101848489297195,0
PulsarMax 0.8.9,29,0.03179675264273346,0
PulsarMax 0.8.9,30,0.03200671774899089,0
PulsarMax 0.8.9,31,0.03201549411175592,0
PulsarMax 0.8.9,32,0.032056616282965605,0
PulsarMax 0.8.9,33,0.032809449687574564,0
PulsarMax 0.8.9,34,0.03290207474301832,0
Raven 3.56j8,1,0.12437327792583225,1
Raven 3.56j8,2,0.06650202065559048,0
Raven 3.56j8,3,0.05785970116855396,0
Raven 3.56j8,4,0.053256612451043184,0
Raven 3.56j8,5,0.057628930454954735,0
Raven 3.56j8,6,0.061151945590761765,0
Raven 3.56j8,7,0.06082407380117304,0
Raven 3.56j8,8,0.06419360725038777,0
Raven 3.56j8,9,0.06016448564158488,0
Raven 3.56j8,10,0.060942873919973155,0
Raven 3.56j8,11,0.0576011701232643,0
Raven 3.56j8,12,0.057151905063502116,0
Raven 3.56j8,13,0.05802432537035664,0
Raven 3.56j8,14,0.05866981351432266,0
Raven 3.56j8,15,0.058956733411405206,0
Raven 3.56j8,16,0.060942873919973155,0
Raven 3.56j8,17,0.06190580928968819,0
Raven 3.56j8,18,0.06306709767625872,0
Raven 3.56j8,19,0.06025502230983549,0
Raven 3.56j8,20,0.06074409385248412,0
Raven 3.56j8,21,0.06155226592481145,0
Raven 3.56j8,22,0.06043307444110151,0
Raven 3.56j8,23,0.06128114602605529,0
Raven 3.56j8,24,0.06260451073137539,0
Raven 3.56j8,25,0.06397984619838855,0
Raven 3.56j8,26,0.06461643378949844,0
Raven 3.56j8,27,0.06364301058624076,0
Raven 3.56j8,28,0.0644025908710875,0
Raven 3.56j8,29,0.06504756646432437,0
Raven 3.56j8,30,0.0652051419859222,0
Raven 3.56j8,31,0.06253697812919956,0
Raven 3.56j8,32,0.061507498762054635,0
Raven 3.56j8,33,0.0628761258532251,0
Raven 3.56j8,34,0.06423759073797475,0
Roborio 1.2.4,1,0.22021805625024046,1
Roborio 1.2.4,2,0.22149196302608984,1
Roborio 1.2.4,3,0.20153383595258803,1
Roborio 1.2.4,4,0.19703785218199285,1
Roborio 1.2.4,5,0.1972840220428318,1
Roborio 1.2.4,6,0.19721542473011372,1
Roborio 1.2.4,7,0.1920440210762157,1
Roborio 1.2.4,8,0.19359842213059053,1
Roborio 1.2.4,9,0.19463520736011097,1
Roborio 1.2.4,10,0.19591875951365623,1
Roborio 1.2.4,11,0.19595559471304635,1
Roborio 1.2.4,12,0.19512813638863719,1
Roborio 1.2.4,13,0.19320638211880237,1
Roborio 1.2.4,14,0.19209268757034503,1
Roborio 1.2.4,15,0.191541011409189,1
Roborio 1.2.4,16,0.19389381847297904,1
Roborio 1.2.4,17,0.19522500811730015,1
Roborio 1.2.4,18,0.19450551179571357,1
Roborio 1.2.4,19,0.19418647134239592,1
Roborio 1.2.4,20,0.19456014127033455,1
Roborio 1.2.4,21,0.19472861601524516,1
Roborio 1.2.4,22,0.19362924419808408,1
Roborio 1.2.4,23,0.19252639018029655,1
Roborio 1.2.4,24,0.1916717089971487,1
Roborio 1.2.4,25,0.19128981248087013,1
Roborio 1.2.4,26,0.19125793031455074,1
Roborio 1.2.4,27,0.1895050681677667,1
Roborio 1.2.4,28,0.1889494998529831,1
Roborio 1.2.4,29,0.188982367365419,1
Roborio 1.2.4,30,0.1884811154085969,1
Roborio 1.2.4,31,0.18832263810766198,1
Roborio 1.2.4,32,0.18858878057135758,1
Roborio 1.2.4,33,0.18825868995261563,1
Roborio 1.2.4,34,0.18799805463214764,1
RougeDC willow,1,0.055671132943526956,0
RougeDC willow,2,0.04019656503247559,0
RougeDC willow,3,0.04750756862501903,0
RougeDC willow,4,0.04739965501992124,0
RougeDC willow,5,0.043491067149475475,0
RougeDC willow,6,0.04231199706411286,0
RougeDC willow,7,0.04130348798031144,0
RougeDC willow,8,0.042469841243169854,0
RougeDC willow,9,0.03836684620099523,0
RougeDC willow,10,0.03950503013958573,0
RougeDC willow,11,0.04295044680154894,0
RougeDC willow,12,0.0418551718168185,0
RougeDC willow,13,0.03871602221987597,0
RougeDC willow,14,0.03915012173133536,0
RougeDC willow,15,0.03868264061728216,0
RougeDC willow,16,0.036989040639667625,0
RougeDC willow,17,0.036325773453080634,0
RougeDC willow,18,0.035942433484922764,0
RougeDC willow,19,0.03543728922755965,0
RougeDC willow,20,0.035024589194249,0
RougeDC willow,21,0.033706364754853835,0
RougeDC willow,22,0.03294476992750492,0
RougeDC willow,23,0.03143845170702364,0
RougeDC willow,24,0.030452067384575288,0
RougeDC willow,25,0.029450222446990193,0
RougeDC willow,26,0.029418005349448578,0
RougeDC willow,27,0.029963870788038,0
RougeDC willow,28,0.03050733180360307,0
RougeDC willow,29,0.03048046927379955,0
RougeDC willow,30,0.030160065536726594,0
RougeDC willow,31,0.02911837827330735,0
RougeDC willow,32,0.02869755348135622,0
RougeDC willow,33,0.02869613520308112,0
RougeDC willow,34,0.02826656970491534,0
Saguaro 1.0,1,0.06706881794515732,0
Saguaro 1.0,2,0.0715737990333837,0
Saguaro 1.0,3,0.08290065274442898,0
Saguaro 1.0,4,0.09390888001528187,0
Saguaro 1.0,5,0.07356293664776349,0
Saguaro 1.0,6,0.08231426068367988,0
Saguaro 1.0,7,0.08053772457547054,0
Saguaro 1.0,8,0.07767135708355954,0
Saguaro 1.0,9,0.07858588035468818,0
Saguaro 1.0,10,0.08281648752946924,0
Saguaro 1.0,11,0.08146263717818036,0
Saguaro 1.0,12,0.0785173425838056,0
Saguaro 1.0,13,0.0824908537683322,0
Saguaro 1.0,14,0.0820621011814503,0
Saguaro 1.0,15,0.08258668791953194,0
Saguaro 1.0,16,0.08188922641056673,0
Saguaro 1.0,17,0.08507345928865562,0
Saguaro 1.0,18,0.08362046631313746,0
Saguaro 1.0,19,0.08227731649431747,0
Saguaro 1.0,20,0.08230274189424924,0
Saguaro 1.0,21,0.08026863448946175,0
Saguaro 1.0,22,0.07913940390860452,0
Saguaro 1.0,23,0.07896279755305458,0
Saguaro 1.0,24,0.07749288482281347,0
Saguaro 1.0,25,0.07946052021093253,0
Saguaro 1.0,26,0.07883670715717517,0
Saguaro 1.0,27,0.07975638841224786,0
Saguaro 1.0,28,0.08031948297538383,0
Saguaro 1.0,29,0.07988460089614302,0
Saguaro 1.0,30,0.0809662667422868,0
Saguaro 1.0,31,0.08284526447769947,0
Saguaro 1.0,32,0.08305285048383415,0
Saguaro 1.0,33,0.08306253503212246,0
Saguaro 1.0,34,0.08262613610376845,0
ScalarR 0.005h.053-noshield,1,0.08885769173932319,0
ScalarR 0.005h.053-noshield,2,0.06780577984394966,0
ScalarR 0.005h.053-noshield,3,0.06015985501317462,0
ScalarR 0.005h.053-noshield,4,0.058669772009702074,0
ScalarR 0.005h.053-noshield,5,0.05628858384260677,0
ScalarR 0.005h.053-noshield,6,0.05560129653475081,0
ScalarR 0.005h.053-noshield,7,0.05525337490147647,0
ScalarR 0.005h.053-noshield,8,0.053518803432359985,0
ScalarR 0.005h.053-noshield,9,0.05493159596835783,0
ScalarR 0.005h.053-noshield,10,0.05473303288049253,0
ScalarR 0.005h.053-noshield,11,0.053312289602275076,0
ScalarR 0.005h.053-noshield,12,0.05548957433754664,0
ScalarR 0.005h.053-noshield,13,0.05218466598073912,0
ScalarR 0.005h.053-noshield,14,0.05145310089944957,0
ScalarR 0.005h.053-noshield,15,0.051800078076769424,0
ScalarR 0.005h.053-noshield,16,0.05040810817846872,0
ScalarR 0.005h.053-noshield,17,0.051045936483493815,0
ScalarR 0.005h.053-noshield,18,0.050369918725185675,0
ScalarR 0.005h.053-noshield,19,0.05210243761202871,0
ScalarR 0.005h.053-noshield,20,0.05130715217040144,0
ScalarR 0.005h.053-noshield,21,0.050856290130762594,0
ScalarR 0.005h.053-noshield,22,0.049094766419815555,0
ScalarR 0.005h.053-noshield,23,0.04869895289814902,0
ScalarR 0.005h.053-noshield,24,0.04904060760488091,0
ScalarR 0.005h.053-noshield,25,0.05018661437138372,0
ScalarR 0.005h.053-noshield,26,0.049390011012348384,0
ScalarR 0.005h.053-noshield,27,0.050198981083059174,0
ScalarR 0.005h.053-noshield,28,0.05058108507417891,0
ScalarR 0.005h.053-noshield,29,0.05098872724982681,0
ScalarR 0.005h.053-noshield,30,0.05104037106135986,0
ScalarR 0.005h.053-noshield,31,0.051747470370221094,0
ScalarR 0.005h.053-noshield,32,0.05229683969732313,0
ScalarR 0.005h.053-noshield,33,0.051775331732470176,0
ScalarR 0.005h.053-noshield,34,0.051595891260015014,0
Seraphim 2.3.1,1,0.03083028882866426,0
Seraphim 2.3.1,2,0.035003750951734025,0
Seraphim 2.3.1,3,0.033659297052154195,0
Seraphim 2.3.1,4,0.03598001700680272,0
Seraphim 2.3.1,5,0.037611907660043103,0
Seraphim 2.3.1,6,0.0368085377352167,0
Seraphim 2.3.1,7,0.03829415022392635,0
Seraphim 2.3.1,8,0.03481568955105352,0
Seraphim 2.3.1,9,0.03220516991200151,0
Seraphim 2.3.1,10,0.03077522354660034,0
Seraphim 2.3.1,11,0.03236699303999058,0
Seraphim 2.3.1,12,0.03458677875956989,0
Seraphim 2.3.1,13,0.035575043611677404,0
Seraphim 2.3.1,14,0.03591556272447444,0
Seraphim 2.3.1,15,0.03486699144286087,0
Seraphim 2.3.1,16,0.034296126779732095,0
Seraphim 2.3.1,17,0.03420227346877791,0
Seraphim 2.3.1,18,0.03381488955998918,0
Seraphim 2.3.1,19,0.031568888244074,0
Seraphim 2.3.1,20,0.031091598522302144,0
Seraphim 2.3.1,21,0.031641964604922745,0
Seraphim 2.3.1,22,0.032150360144057644,0
Seraphim 2.3.1,23,0.031908665105386425,0
Seraphim 2.3.1,24,0.03104863407061209,0
Seraphim 2.3.1,25,0.03229215976369881,0
Seraphim 2.3.1,26,0.032365609967312914,0
Seraphim 2.3.1,27,0.032092332570397786,0
Seraphim 2.3.1,28,0.03124805127961705,0
Seraphim 2.3.1,29,0.03139035753958391,0
Seraphim 2.3.1,30,0.031526716426235724,0
Seraphim 2.3.1,31,0.03145389059241899,0
Seraphim 2.3.1,32,0.03175686660409416,0
Seraphim 2.3.1,33,0.0317751324374792,0
Seraphim 2.3.1,34,0.03141719411422628,0
Shadow 3.83c,1,0.275428077567115,1
Shadow 3.83c,2,0.2957709280188399,1
Shadow 3.83c,3,0.30361305361305363,1
Shadow 3.83c,4,0.2981435665280483,1
Shadow 3.83c,5,0.29720439772623236,1
Shadow 3.83c,6,0.30113318054494526,1
Shadow 3.83c,7,0.30905703425841513,1
Shadow 3.83c,8,0.312090098026877,1
Shadow 3.83c,9,0.3105593687257786,1
Shadow 3.83c,10,0.30847842811161835,1
Shadow 3.83c,11,0.31014318625583764,1
Shadow 3.83c,12,0.3140806951688667,1
Shadow 3.83c,13,0.31701607217599026,1
Shadow 3.83c,14,0.3195301233047955,1
Shadow 3.83c,15,0.32135040312693813,1
Shadow 3.83c,16,0.3209543306290596,1
Shadow 3.83c,17,0.3204715549275135,1
Shadow 3.83c,18,0.321457499076993,1
Shadow 3.83c,19,0.32160452934553996,1
Shadow 3.83c,20,0.32134532134532134,1
Shadow 3.83c,21,0.3226414775005598,1
Shadow 3.83c,22,0.3236737668207074,1
Shadow 3.83c,23,0.32417702201874865,1
Shadow 3.83c,24,0.3239475830215315,1
Shadow 3.83c,25,0.32363365505942354,1
Shadow 3.83c,26,0.3236250456844414,1
Shadow 3.83c,27,0.3232488687034142,1
Shadow 3.83c,28,0.32291314543045535,1
Shadow 3.83c,29,0.32430662797472576,1
Shadow 3.83c,30,0.32289631389787,1
Shadow 3.83c,31,0.3232501067008109,1
Shadow 3.83c,32,0.3231960652171343,1
Shadow 3.83c,33,0.3241818732281947,1
Shadow 3.83c,34,0.32242271544673073,1
SilverSurfer 2.53.33fix,1,0.042221622446225515,0
SilverSurfer 2.53.33fix,2,0.0678010273413846,0
SilverSurfer 2.53.33fix,3,0.07292560655456778,0
SilverSurfer 2.53.33fix,4,0.08068485079541123,0
SilverSurfer 2.53.33fix,5,0.08191321351252581,0
SilverSurfer 2.53.33fix,6,0.08570761241143844,0
SilverSurfer 2.53.33fix,7,0.08049840653602996,0
SilverSurfer 2.53.33fix,8,0.07354382959585376,0
SilverSurfer 2.53.33fix,9,0.0709903288820905,0
SilverSurfer 2.53.33fix,10,0.06894008043196609,0
SilverSurfer 2.53.33fix,11,0.07016191917960764,0
SilverSurfer 2.53.33fix,12,0.0703880165215544,0
SilverSurfer 2.53.33fix,13,0.07037207437228551,0
SilverSurfer 2.53.33fix,14,0.0674832996787691,0
SilverSurfer 2.53.33fix,15,0.06683651914728184,0
SilverSurfer 2.53.33fix,16,0.06318291612209198,0
SilverSurfer 2.53.33fix,17,0.06393980877231059,0
SilverSurfer 2.53.33fix,18,0.06401479900298718,0
SilverSurfer 2.53.33fix,19,0.06398645120774954,0
SilverSurfer 2.53.33fix,20,0.06491937787766106,0
SilverSurfer 2.53.33fix,21,0.06457610488088206,0
SilverSurfer 2.53.33fix,22,0.06394072153272079,0
SilverSurfer 2.53.33fix,23,0.06307099589912252,0
SilverSurfer 2.53.33fix,24,0.0643315910229098,0
SilverSurfer 2.53.33fix,25,0.06441478262416794,0
SilverSurfer 2.53.33fix,26,0.06265430533373767,0
SilverSurfer 2.53.33fix,27,0.06354542632011839,0
SilverSurfer 2.53.33fix,28,0.06376830620650814,0
SilverSurfer 2.53.33fix,29,0.0637523800435208,0
SilverSurfer 2.53.33fix,30,0.0639225084129515,0
SilverSurfer 2.53.33fix,31,0.06354722404881646,0
SilverSurfer 2.53.33fix,32,0.06340717508750299,0
SilverSurfer 2.53.33fix,33,0.06329566709008894,0
SilverSurfer 2.53.33fix,34,0.06193965547204178,0
Toad 0.14t,1,0.09664152449785696,0
Toad 0.14t,2,0.05671443932979622,0
Toad 0.14t,3,0.057103382622026605,0
Toad 0.14t,4,0.06656548584553817,0
Toad 0.14t,5,0.07186402088130849,0
Toad 0.14t,6,0.0772940802621806,0
Toad 0.14t,7,0.0792245205314587,0
Toad 0.14t,8,0.08251435108518196,0
Toad 0.14t,9,0.07860386644192996,0
Toad 0.14t,10,0.07866008489999476,0
Toad 0.14t,11,0.07653031609671962,0
Toad 0.14t,12,0.07509666927077646,0
Toad 0.14t,13,0.0728507615892301,0
Toad 0.14t,14,0.07225290030805531,0
Toad 0.14t,15,0.07163880854345589,0
Toad 0.14t,16,0.07077376323503021,0
Toad 0.14t,17,0.07064926272308669,0
Toad 0.14t,18,0.07023852143847487,0
Toad 0.14t,19,0.0693693088040423,0
Toad 0.14t,20,0.06955206035553413,0
Toad 0.14t,21,0.06914052411908617,0
Toad 0.14t,22,0.06756985811248445,0
Toad 0.14t,23,0.06826325967536334,0
Toad 0.14t,24,0.06671224027468053,0
Toad 0.14t,25,0.06552027726659992,0
Toad 0.14t,26,0.06452629485565387,0
Toad 0.14t,27,0.0643376421584444,0
Toad 0.14t,28,0.06566259552030673,0
Toad 0.14t,29,0.06592134732954752,0
Toad 0.14t,30,0.06632703142333629,0
Toad 0.14t,31,0.06575734255357485,0
Toad 0.14t,32,0.06679910276235285,0
Toad 0.14t,33,0.06735715168021456,0
Toad 0.14t,34,0.06642542723262551,0
Tomcat 3.68,1,0.052675882338692095,0
Tomcat 3.68,2,0.05634523688878707,0
Tomcat 3.68,3,0.049616247293694654,0
Tomcat 3.68,4,0.05028892512395085,0
Tomcat 3.68,5,0.048481249401831183,0
Tomcat 3.68,6,0.048869003402785105,0
Tomcat 3.68,7,0.04789255407043447,0
Tomcat 3.68,8,0.046797709014109845,0
Tomcat 3.68,9,0.046985972348833616,0
Tomcat 3.68,10,0.04577470371860115,0
Tomcat 3.68,11,0.04717664084978501,0
Tomcat 3.68,12,0.048740335443348104,0
Tomcat 3.68,13,0.0495892827906661,0
Tomcat 3.68,14,0.049264522609675065,0
Tomcat 3.68,15,0.04997243302415111,0
Tomcat 3.68,16,0.04899275950671067,0
Tomcat 3.68,17,0.04867646309599194,0
Tomcat 3.68,18,0.050159245722978474,0
Tomcat 3.68,19,0.050354046328912716,0
Tomcat 3.68,20,0.05096886006400281,0
Tomcat 3.68,21,0.05076557894726186,0
Tomcat 3.68,22,0.05105277509735218,0
Tomcat 3.68,23,0.050420401957958605,0
Tomcat 3.68,24,0.050844225174768165,0
Tomcat 3.68,25,0.05064778092917743,0
Tomcat 3.68,26,0.04988771136759351,0
Tomcat 3.68,27,0.049417976226521665,0
Tomcat 3.68,28,0.049435950404223106,0
Tomcat 3.68,29,0.04885459748677223,0
Tomcat 3.68,30,0.04843225797725559,0
Tomcat 3.68,31,0.048489711202721275,0
Tomcat 3.68,32,0.04855928593574976,0
Tomcat 3.68,33,0.048376321140768175,0
Tomcat 3.68,34,0.048058840455710516,0
WaveSerpent 2.11,1,0.10295228701245554,1
WaveSerpent 2.11,2,0.0949923624520852,0
WaveSerpent 2.11,3,0.09233436514078219,0
WaveSerpent 2.11,4,0.09386234885819017,0
WaveSerpent 2.11,5,0.08803242068403418,0
WaveSerpent 2.11,6,0.08742011027772441,0
WaveSerpent 2.11,7,0.0882782392316074,0
WaveSerpent 2.11,8,0.08652510592180544,0
WaveSerpent 2.11,9,0.08663797812261027,0
WaveSerpent 2.11,10,0.08501181614966129,0
WaveSerpent 2.11,11,0.08549819043837997,0
WaveSerpent 2.11,12,0.08493652843971315,0
WaveSerpent 2.11,13,0.08516713063287183,0
WaveSerpent 2.11,14,0.08482091207003688,0
WaveSerpent 2.11,15,0.08539284602437479,0
WaveSerpent 2.11,16,0.08344076352715885,0
WaveSerpent 2.11,17,0.08560653814913427,0
WaveSerpent 2.11,18,0.08528335904449133,0
WaveSerpent 2.11,19,0.08444751659521117,0
WaveSerpent 2.11,20,0.08364424856372027,0
WaveSerpent 2.11,21,0.0837350909469943,0
WaveSerpent 2.11,22,0.08286961730655523,0
WaveSerpent 2.11,23,0.08156566420531103,0
WaveSerpent 2.11,24,0.08099578218534222,0
WaveSerpent 2.11,25,0.081491567987589,0
WaveSerpent 2.11,26,0.08226761939290175,0
WaveSerpent 2.11,27,0.08280322549288799,0
WaveSerpent 2.11,28,0.08272719259289416,0
WaveSerpent 2.11,29,0.08335332434941888,0
WaveSerpent 2.11,30,0.08366761902265558,0
WaveSerpent 2.11,31,0.08359571173495467,0
WaveSerpent 2.11,32,0.08311997139749558,0
WaveSerpent 2.11,33,0.08346731803846391,0
WaveSerpent 2.11,34,0.08280185110013571,0
WhiteFang 2.8.1,1,0.06435011724800332,0
WhiteFang 2.8.1,2,0.07470841175961,0
WhiteFang 2.8.1,3,0.08703100690083629,0
WhiteFang 2.8.1,4,0.08107607796367197,0
WhiteFang 2.8.1,5,0.076794494554173,0
WhiteFang 2.8.1,6,0.07499886014195033,0
WhiteFang 2.8.1,7,0.07549592475380562,0
WhiteFang 2.8.1,8,0.07054158664354797,0
WhiteFang 2.8.1,9,0.07327748772963179,0
WhiteFang 2.8.1,10,0.07613783377978954,0
WhiteFang 2.8.1,11,0.07659013179011694,0
WhiteFang 2.8.1,12,0.07728361739850316,0
WhiteFang 2.8.1,13,0.07957250895966428,0
WhiteFang 2.8.1,14,0.07814235749312837,0
WhiteFang 2.8.1,15,0.07593160348364492,0
WhiteFang 2.8.1,16,0.07866372714936654,0
WhiteFang 2.8.1,17,0.07990420348692806,0
WhiteFang 2.8.1,18,0.07962516552311838,0
WhiteFang 2.8.1,19,0.07825066039289963,0
WhiteFang 2.8.1,20,0.07762311911413855,0
WhiteFang 2.8.1,21,0.07586223161640326,0
WhiteFang 2.8.1,22,0.07497294461499115,0
WhiteFang 2.8.1,23,0.07292081800054273,0
WhiteFang 2.8.1,24,0.07302553672618772,0
WhiteFang 2.8.1,25,0.07485998502348568,0
WhiteFang 2.8.1,26,0.07424350736689656,0
WhiteFang 2.8.1,27,0.07453832096143453,0
WhiteFang 2.8.1,28,0.075491383962216,0
WhiteFang 2.8.1,29,0.07434099234429148,0
WhiteFang 2.8.1,30,0.07378235400019395,0
WhiteFang 2.8.1,31,0.0724680001758019,0
WhiteFang 2.8.1,32,0.07152768462477577,0
WhiteFang 2.8.1,33,0.07197531645119626,0
WhiteFang 2.8.1,34,0.072961227858514,0
Wintermute 0.8,1,0.10080343271115805,1
Wintermute 0.8,2,0.08518776216130251,0
Wintermute 0.8,3,0.07121848334842151,0
Wintermute 0.8,4,0.06663341636444856,0
Wintermute 0.8,5,0.06261448875914565,0
Wintermute 0.8,6,0.0641920430277624,0
Wintermute 0.8,7,0.06300760069140246,0
Wintermute 0.8,8,0.06257016728624536,0
Wintermute 0.8,9,0.06370904039834718,0
Wintermute 0.8,10,0.06494794697728146,0
Wintermute 0.8,11,0.06739934620453814,0
Wintermute 0.8,12,0.06705840896497184,0
Wintermute 0.8,13,0.06653385785060628,0
Wintermute 0.8,14,0.06377418840867344,0
Wintermute 0.8,15,0.06555576670816166,0
Wintermute 0.8,16,0.06655170469807559,0
Wintermute 0.8,17,0.06671874306917713,0
Wintermute 0.8,18,0.06433534411904362,0
Wintermute 0.8,19,0.06240212648189858,0
Wintermute 0.8,20,0.062410307238397356,0
Wintermute 0.8,21,0.06251370840142578,0
Wintermute 0.8,22,0.06318241842141825,0
Wintermute 0.8,23,0.06407390482777364,0
Wintermute 0.8,24,0.06536853829031541,0
Wintermute 0.8,25,0.0650413620302831,0
Wintermute 0.8,26,0.06534068055121633,0
Wintermute 0.8,27,0.0653321137758357,0
Wintermute 0.8,28,0.06435831694078409,0
Wintermute 0.8,29,0.0635189909791467,0
Wintermute 0.8,30,0.06435432785038325,0
Wintermute 0.8,31,0.06462001963595992,0
Wintermute 0.8,32,0.06397652081203808,0
Wintermute 0.8,33,0.06310334811350715,0
Wintermute 0.8,34,0.06352356634780276,0
X2 0.17,1,0.025091872185560856,0
X2 0.17,2,0.03566826736164451,0
X2 0.17,3,0.031816394513506346,0
X2 0.17,4,0.038684536211312084,0
X2 0.17,5,0.04166808093031493,0
X2 0.17,6,0.04319251389391071,0
X2 0.17,7,0.043035516393708895,0
X2 0.17,8,0.03972338566883049,0
X2 0.17,9,0.040274410765774205,0
X2 0.17,10,0.04028632871408111,0
X2 0.17,11,0.04009764493845075,0
X2 0.17,12,0.041723539058454495,0
X2 0.17,13,0.04074418706765098,0
X2 0.17,14,0.04006404915811396,0
X2 0.17,15,0.040952952076281524,0
X2 0.17,16,0.03965700258668714,0
X2 0.17,17,0.0392487217452227,0
X2 0.17,18,0.0377274538170051,0
X2 0.17,19,0.036886685471870795,0
X2 0.17,20,0.037129485593019707,0
X2 0.17,21,0.036487066124760326,0
X2 0.17,22,0.036992228992764165,0
X2 0.17,23,0.03650284198138937,0
X2 0.17,24,0.03579439774970833,0
X2 0.17,25,0.03553096881476242,0
X2 0.17,26,0.036625021105488154,0
X2 0.17,27,0.03659179835422255,0
X2 0.17,28,0.03647531760543549,0
X2 0.17,29,0.03605768699462808,0
X2 0.17,30,0.03615989031229555,0
X2 0.17,31,0.036038614643424505,0
X2 0.17,32,0.0362706846542849,0
X2 0.17,33,0.03680443398029165,0
X2 0.17,34,0.03577162535741635,0
XanderCat 12.9,1,0.03366389707853123,0
XanderCat 12.9,2,0.027655712620013335,0
XanderCat 12.9,3,0.02995118089457712,0
XanderCat 12.9,4,0.03831947757709307,0
XanderCat 12.9,5,0.048329252888284484,0
XanderCat 12.9,6,0.05273531408174882,0
XanderCat 12.9,7,0.05137898405225138,0
XanderCat 12.9,8,0.051169723995810955,0
XanderCat 12.9,9,0.05231021231021238,0
XanderCat 12.9,10,0.052067709134332674,0
XanderCat 12.9,11,0.05100461170517334,0
XanderCat 12.9,12,0.05196589101280891,0
XanderCat 12.9,13,0.051857972868024405,0
XanderCat 12.9,14,0.053688676382434464,0
XanderCat 12.9,15,0.05287193651790745,0
XanderCat 12.9,16,0.052623101836026476,0
XanderCat 12.9,17,0.05097467753674234,0
XanderCat 12.9,18,0.05131222441446226,0
XanderCat 12.9,19,0.04998445511908256,0
XanderCat 12.9,20,0.05026403407660063,0
XanderCat 12.9,21,0.05085736181626588,0
XanderCat 12.9,22,0.05061955151936304,0
XanderCat 12.9,23,0.054204309331308376,0
XanderCat 12.9,24,0.05357205743896387,0
XanderCat 12.9,25,0.05379300552565591,0
XanderCat 12.9,26,0.0544333217802605,0
XanderCat 12.9,27,0.05491083255762208,0
XanderCat 12.9,28,0.054878582660624065,0
XanderCat 12.9,29,0.05485493496222149,0
XanderCat 12.9,30,0.053868901709619554,0
XanderCat 12.9,31,0.05398999832948104,0
XanderCat 12.9,32,0.05342998815370348,0
XanderCat 12.9,33,0.053703478470418786,0
XanderCat 12.9,34,0.053602166284191455,0
YersiniaPestis 3.0,1,0.05185378766164792,0
YersiniaPestis 3.0,2,0.027160395036042704,0
YersiniaPestis 3.0,3,0.02302986303928811,0
YersiniaPestis 3.0,4,0.022390845537899395,0
YersiniaPestis 3.0,5,0.024454143584578366,0
YersiniaPestis 3.0,6,0.02740409381902052,0
YersiniaPestis 3.0,7,0.02995789596110321,0
YersiniaPestis 3.0,8,0.03081140595591464,0
YersiniaPestis 3.0,9,0.028746545139987756,0
YersiniaPestis 3.0,10,0.029825824242067894,0
YersiniaPestis 3.0,11,0.03203439495804711,0
YersiniaPestis 3.0,12,0.03116024951239274,0
YersiniaPestis 3.0,13,0.030834694451486705,0
YersiniaPestis 3.0,14,0.031769504435729734,0
YersiniaPestis 3.0,15,0.03148567083754317,0
YersiniaPestis 3.0,16,0.03140478221236939,0
YersiniaPestis 3.0,17,0.032060916424849956,0
YersiniaPestis 3.0,18,0.032916997368311135,0
YersiniaPestis 3.0,19,0.03326615626768553,0
YersiniaPestis 3.0,20,0.033106685146728626,0
YersiniaPestis 3.0,21,0.03333934978626166,0
YersiniaPestis 3.0,22,0.031891935216151496,0
YersiniaPestis 3.0,23,0.031037878054309298,0
YersiniaPestis 3.0,24,0.031279651063823716,0
YersiniaPestis 3.0,25,0.03187607175337237,0
YersiniaPestis 3.0,26,0.031874434648320904,0
YersiniaPestis 3.0,27,0.030616715221887802,0
YersiniaPestis 3.0,28,0.030559001561968918,0
YersiniaPestis 3.0,29,0.031020586096501546,0
YersiniaPestis 3.0,30,0.03126837033222471,0
YersiniaPestis 3.0,31,0.03168493699448127,0
YersiniaPestis 3.0,32,0.03256093938618068,0
YersiniaPestis 3.0,33,0.03239403409567901,0
YersiniaPestis 3.0,34,0.032903895148793105,0
deBroglie rev0108,1,0.11282506864803747,1
deBroglie rev0108,2,0.10224519463737684,1
deBroglie rev0108,3,0.09481120461619076,0
deBroglie rev0108,4,0.07924867895793433,0
deBroglie rev0108,5,0.0922261294871566,0
deBroglie rev0108,6,0.09732044565098358,0
deBroglie rev0108,7,0.09876603794881106,0
deBroglie rev0108,8,0.10232698619975926,1
deBroglie rev0108,9,0.09202486110168423,0
deBroglie rev0108,10,0.09334364576787355,0
deBroglie rev0108,11,0.08587638952393595,0
deBroglie rev0108,12,0.08698417895965357,0
deBroglie rev0108,13,0.08992917928391475,0
deBroglie rev0108,14,0.08906864007629792,0
deBroglie rev0108,15,0.08618459646469287,0
deBroglie rev0108,16,0.08268518345328095,0
deBroglie rev0108,17,0.08192062230892812,0
deBroglie rev0108,18,0.07750110634069082,0
deBroglie rev0108,19,0.07898804346927661,0
deBroglie rev0108,20,0.07913479384272798,0
deBroglie rev0108,21,0.07804432531786284,0
deBroglie rev0108,22,0.07814756481139615,0
deBroglie rev0108,23,0.07176697066321791,0
deBroglie rev0108,24,0.0715728548400489,0
deBroglie rev0108,25,0.07289396443998046,0
deBroglie rev0108,26,0.0741739121194975,0
deBroglie rev0108,27,0.07250305853431588,0
deBroglie rev0108,28,0.07516638623072752,0
deBroglie rev0108,29,0.0755733177717457,0
deBroglie rev0108,30,0.07508583438011701,0
deBroglie rev0108,31,0.07520050473960121,0
deBroglie rev0108,32,0.07385767162125872,0
deBroglie rev0108,33,0.07280264507235173,0
deBroglie rev0108,34,0.0704970415394075,0
